{"cameraMode":{"drawMode":0,"name":"Shaded","section":"Shading Mode"},"sceneLighting":false,"audioPlay":false,"sceneViewState":{"m_AlwaysRefresh":false,"showFog":true,"showSkybox":false,"showFlares":true,"showImageEffects":true,"showParticleSystems":true,"showVisualEffectGraphs":true,"m_FxEnabled":true},"in2DMode":false,"pivot":{"x":1.8612327575683594,"y":0.6815944910049439,"z":-7.163766384124756},"rotation":{"x":0.10471704602241516,"y":0.3085018992424011,"z":-0.03426516056060791,"w":0.9448732733726502},"size":13.428764343261719,"orthographic":true}